[
    {
        "id": 1,
        "name": "food 01",
        "type":"sambol",
        "price": 100,
        "image": "assets/carly-jayne-Lv174o7fn7Y-unsplash.jpg"
    },
    {
        "id": 2,
        "name": "food 02",
        "type":"sambol",
        "price": 130,
        "image": "assets/carly-jayne-Lv174o7fn7Y-unsplash.jpg"
    },
    {
        "id": 3,
        "name": "food 03",
        "type":"sambol",
        "price": 200,
        "image": "assets/sina-piryae-bBzjWthTqb8-unsplash.jpg"
    },
    {
        "id": 4,
        "name": "food 04",
        "type":"chutney",
        "price": 300,
        "image": "assets/jonathan-farber-OCNqOLeCwOc-unsplash.jpg"
    },
    {
        "id": 5,
        "name": "food 05",
        "type":"chutney",
        "price": 210,
        "image": "assets/sina-piryae-bBzjWthTqb8-unsplash.jpg"
    },
    {
        "id": 6,
        "name": "food 06",
        "type":"chutney",
        "price": 240,
        "image": "assets/carly-jayne-Lv174o7fn7Y-unsplash.jpg"
    },
    {
        "id": 7,
        "name": "food 07",
        "type":"pickle",
        "price": 180,
        "image": "assets/jonathan-farber-OCNqOLeCwOc-unsplash.jpg"
    },
    {
        "id": 8,
        "name": "food 08",
        "type":"pickle",
        "price": 320,
        "image": "assets/carly-jayne-Lv174o7fn7Y-unsplash.jpg"
    }
]